{
  "chunk_chat": {
    "macro_p": 1.0,
    "macro_r": 0.79998,
    "macro_f1": 0.8882999999999999,
    "macro_acc": 0.79998,
    "macro_cont": 1.0
  },
  "chunk_compare": {
    "macro_p": 0.9666666666666667,
    "macro_r": 0.8277666666666667,
    "macro_f1": 0.8909333333333334,
    "macro_cont": 0.3666666666666667
  },
  "ragas_chat": {
    "faithfulness": 0.905685618729097,
    "answer_relevancy": 0.9527724463372651,
    "context_recall": 0.6666666666666666,
    "context_precision": 0.5833333332808334
  },
  "ragas_compare": {
    "faithfulness": 0.669927097158905,
    "answer_relevancy": 0.8337927705702074,
    "context_recall": 0.38888888888888884,
    "context_precision": 0.0
  },
  "timestamp": "2026-04-22_06-16-28",
  "mode": "full"
}