{
  "chunk_chat": {
    "macro_p": 0.9692307692307692,
    "macro_r": 0.9014769230769232,
    "macro_f1": 0.9328538461538461,
    "macro_acc": 0.8764615384615385,
    "macro_cont": 0.15384615384615385
  },
  "chunk_section": {
    "macro_p": 0.9083333333333333,
    "macro_r": 1.0,
    "macro_f1": 0.9479916666666667,
    "macro_acc": 0.9083333333333333,
    "macro_cont": 0.14166666666666666
  },
  "ragas_chat": {
    "faithfulness": 0.916696873036586,
    "answer_relevancy": 0.8499748407181562,
    "context_recall": 0.641025641025641,
    "context_precision": 0.30904761903100464
  },
  "timestamp": "2026-04-17_09-48-02",
  "mode": "ragas"
}