{
  "chunk_chat": {
    "macro_p": 1.0,
    "macro_r": 0.8,
    "macro_f1": 0.8888999999999999,
    "macro_acc": 0.8,
    "macro_cont": 0.0
  },
  "chunk_section": {
    "macro_p": 1.0,
    "macro_r": 1.0,
    "macro_f1": 1.0,
    "macro_acc": 1.0,
    "macro_cont": 0.0
  },
  "ragas_chat": {
    "faithfulness": 0.8977443609022556,
    "answer_relevancy": 0.7309049510104828,
    "context_recall": 0.6666666666666666,
    "context_precision": 0.499999999965
  },
  "ragas_section": {
    "faithfulness": 0.8205128205128206,
    "answer_relevancy": 0.6232776088131172,
    "context_recall": 0.5,
    "context_precision": 0.5416666666187501
  },
  "timestamp": "2026-04-20_12-21-48",
  "mode": "full"
}