{
  "chunk_chat": {
    "macro_p": 0.7916666666666666,
    "macro_r": 0.8939666666666667,
    "macro_f1": 0.8297333333333333,
    "macro_acc": 0.7217666666666668,
    "macro_cont": 0.2361
  },
  "chunk_section": {
    "macro_p": 0.40970833333333334,
    "macro_r": 1.0,
    "macro_f1": 0.4893166666666667,
    "macro_acc": 0.40970833333333334,
    "macro_cont": 0.6250083333333333
  },
  "ragas_chat": {},
  "timestamp": "2026-04-18_12-48-58",
  "mode": "ragas"
}