{
  "chunk_chat": {
    "macro_p": 0.975,
    "macro_r": 0.88612,
    "macro_f1": 0.92796,
    "macro_acc": 0.86668,
    "macro_cont": 0.125
  },
  "chunk_compare": {
    "macro_p": 0.9583333333333334,
    "macro_r": 0.8836,
    "macro_f1": 0.9176666666666667,
    "macro_cont": 0.4166666666666667
  },
  "ragas_chat": {
    "faithfulness": 0.8494736842105264,
    "answer_relevancy": 0.913328674954402,
    "context_recall": 0.6666666666666666,
    "context_precision": 0.5516666666308611
  },
  "ragas_compare": {
    "faithfulness": 0.8763955342902712,
    "answer_relevancy": 0.869586698842177,
    "context_recall": 0.38888888888888884,
    "context_precision": 0.13888888888194442
  },
  "timestamp": "2026-04-22_08-48-37",
  "mode": "full"
}