{
  "chunk_chat": {
    "macro_p": 1.0,
    "macro_r": 0.8333,
    "macro_f1": 0.9091000000000001,
    "macro_acc": 0.8333,
    "macro_cont": 0.0
  },
  "chunk_compare": {
    "macro_p": 1.0,
    "macro_r": 0.8333,
    "macro_f1": 0.9091,
    "macro_cont": 0.3
  },
  "ragas_chat": {
    "faithfulness": 0.7274572649572649,
    "answer_relevancy": 0.8996337812192309,
    "context_recall": 1.0,
    "context_precision": 0.8399999999429999
  },
  "ragas_compare": {
    "faithfulness": 0.8062303193882142,
    "answer_relevancy": 0.8772238744333803,
    "context_recall": 0.7222222222222222,
    "context_precision": 0.16666666665
  },
  "timestamp": "2026-04-22_11-15-51",
  "mode": "full"
}