{
  "chunk_chat": {
    "macro_p": 0.8055555555555556,
    "macro_r": 0.8806444444444445,
    "macro_f1": 0.8295666666666667,
    "macro_acc": 0.7333222222222222,
    "macro_cont": 0.2037
  },
  "chunk_section": {
    "macro_p": 0.7361,
    "macro_r": 1.0,
    "macro_f1": 0.8284833333333333,
    "macro_acc": 0.7361,
    "macro_cont": 0.25001666666666666
  },
  "ragas_chat": {},
  "timestamp": "2026-04-19_02-59-41",
  "mode": "ragas"
}