{
  "chunk_chat": {
    "macro_p": 1.0,
    "macro_r": 0.67668,
    "macro_f1": 0.8025399999999999,
    "macro_acc": 0.67668,
    "macro_cont": 0.05
  },
  "chunk_compare": {
    "macro_p": 0.9666666666666667,
    "macro_r": 0.8138666666666667,
    "macro_f1": 0.8822666666666666,
    "macro_cont": 0.4555666666666667
  },
  "ragas_chat": {},
  "ragas_compare": {},
  "timestamp": "2026-04-22_05-33-51",
  "mode": "full"
}