{
  "chunk_chat": {
    "macro_p": 0.96,
    "macro_r": 0.8199799999999999,
    "macro_f1": 0.88324,
    "macro_acc": 0.79332,
    "macro_cont": 0.27999999999999997
  },
  "chunk_compare": {
    "macro_p": 0.9666666666666667,
    "macro_r": 0.8277666666666667,
    "macro_f1": 0.8909333333333334,
    "macro_cont": 0.4666666666666666
  },
  "ragas_chat": {
    "faithfulness": 0.9051282051282051,
    "answer_relevancy": 0.5648744452366057,
    "context_recall": 0.8,
    "context_precision": 0.7166666666108333
  },
  "ragas_compare": {
    "faithfulness": 0.8696581196581196,
    "answer_relevancy": 0.8650779301871178,
    "context_recall": 0.5555555555555555,
    "context_precision": 0.16666666665
  },
  "timestamp": "2026-04-23_11-50-53",
  "mode": "full"
}