{
  "chunk_chat": {
    "macro_p": 1.0,
    "macro_r": 0.8523400000000001,
    "macro_f1": 0.9202999999999999,
    "macro_acc": 0.8523400000000001,
    "macro_cont": 0.0
  },
  "chunk_compare": {
    "macro_p": 1.0,
    "macro_r": 0.8571,
    "macro_f1": 0.9231000000000001,
    "macro_cont": 0.4166666666666667
  },
  "ragas_chat": {},
  "ragas_compare": {},
  "timestamp": "2026-04-22_10-09-26",
  "mode": "full"
}