{
  "chunk_chat": {
    "macro_p": 0.7916666666666666,
    "macro_r": 0.8939666666666667,
    "macro_f1": 0.8297333333333333,
    "macro_acc": 0.7217666666666668,
    "macro_cont": 0.2361
  },
  "chunk_section": {
    "macro_p": 0.7361,
    "macro_r": 1.0,
    "macro_f1": 0.8284833333333333,
    "macro_acc": 0.7361,
    "macro_cont": 0.25001666666666666
  },
  "ragas_chat": {
    "faithfulness": 0.9285714285714285,
    "answer_relevancy": 0.9015681209582164,
    "context_recall": 0.7361111111111112,
    "context_precision": 0.6547619047193562
  },
  "timestamp": "2026-04-19_02-47-58",
  "mode": "ragas"
}