{
  "chunk_chat": {
    "macro_p": 1.0,
    "macro_r": 0.8333,
    "macro_f1": 0.9091000000000001,
    "macro_acc": 0.8333,
    "macro_cont": 0.0
  },
  "chunk_section": {
    "macro_p": 0.9333333333333332,
    "macro_r": 1.0,
    "macro_f1": 0.9629666666666666,
    "macro_acc": 0.9333333333333332,
    "macro_cont": 0.03333333333333333
  },
  "chunk_compare": {
    "macro_p": 1.0,
    "macro_r": 0.8333,
    "macro_f1": 0.9091,
    "macro_cont": 0.43333333333333335
  },
  "ragas_chat": {
    "faithfulness": 0.9196259880470408,
    "answer_relevancy": 0.9088240267613698,
    "context_recall": 0.6666666666666666,
    "context_precision": 0.5466666666291111
  },
  "ragas_section": {
    "faithfulness": 0.8333333333333334,
    "answer_relevancy": 0.7534832774814565,
    "context_recall": 0.8333333333333334,
    "context_precision": 0.5416666666187501
  },
  "ragas_compare": {
    "faithfulness": 0.7144585601935874,
    "answer_relevancy": 0.8844710360632401,
    "context_recall": 0.38888888888888884,
    "context_precision": 0.06666666666
  },
  "timestamp": "2026-04-21_11-26-49",
  "mode": "full"
}