{
  "chunk_chat": {
    "macro_p": 1.0,
    "macro_r": 0.8333,
    "macro_f1": 0.9091000000000001,
    "macro_acc": 0.8333,
    "macro_cont": 0.0
  },
  "chunk_compare": {
    "macro_p": 1.0,
    "macro_r": 0.8333,
    "macro_f1": 0.9091,
    "macro_cont": 0.4000000000000001
  },
  "ragas_chat": {
    "faithfulness": 0.7745614035087719,
    "answer_relevancy": 0.9080677939561363,
    "context_recall": 0.7333333333333333,
    "context_precision": 0.556666666628111
  },
  "ragas_compare": {
    "faithfulness": 0.9841269841269842,
    "answer_relevancy": 0.8684015135905936,
    "context_recall": 0.5,
    "context_precision": 0.083333333325
  },
  "timestamp": "2026-04-22_09-13-12",
  "mode": "full"
}