{
  "chunk_chat": {
    "macro_p": 1.0,
    "macro_r": 0.8333,
    "macro_f1": 0.9091000000000001,
    "macro_acc": 0.8333,
    "macro_cont": 0.0
  },
  "chunk_compare": {
    "macro_p": 1.0,
    "macro_r": 0.8333,
    "macro_f1": 0.9091,
    "macro_cont": 0.3
  },
  "ragas_chat": {
    "faithfulness": 0.9333333333333332,
    "answer_relevancy": 0.9080518352498068,
    "context_recall": 1.0,
    "context_precision": 0.8399999999429999
  },
  "ragas_compare": {
    "faithfulness": 0.8460144927536232,
    "answer_relevancy": 0.866467035619538,
    "context_recall": 0.7222222222222222,
    "context_precision": 0.16666666665
  },
  "timestamp": "2026-04-24_09-22-31",
  "mode": "full"
}