{
  "chunk_chat": {
    "macro_p": 1.0,
    "macro_r": 0.8333,
    "macro_f1": 0.9091000000000001,
    "macro_acc": 0.8333,
    "macro_cont": 0.0
  },
  "chunk_compare": {
    "macro_p": 1.0,
    "macro_r": 0.8333,
    "macro_f1": 0.9091,
    "macro_cont": 0.4000000000000001
  },
  "ragas_chat": {
    "faithfulness": 0.9051820728291317,
    "answer_relevancy": 0.7286629318168717,
    "context_recall": 0.7333333333333333,
    "context_precision": 0.5466666666291111
  },
  "ragas_compare": {
    "faithfulness": 0.6690217391304348,
    "answer_relevancy": 0.8695546302779992,
    "context_recall": 0.38888888888888884,
    "context_precision": 0.1499999999925
  },
  "timestamp": "2026-04-22_09-38-34",
  "mode": "full"
}