{
  "chunk_chat": {
    "macro_p": 0.9305500000000001,
    "macro_r": 0.9100666666666667,
    "macro_f1": 0.9155833333333333,
    "macro_acc": 0.8476666666666667,
    "macro_cont": 0.11109999999999999
  },
  "chunk_section": {
    "macro_p": 0.909725,
    "macro_r": 1.0,
    "macro_f1": 0.9484166666666667,
    "macro_acc": 0.909725,
    "macro_cont": 0.17361666666666667
  },
  "ragas_chat": {
    "faithfulness": 0.975,
    "answer_relevancy": 0.9189593000413039,
    "context_recall": 0.7777777777777778,
    "context_precision": 0.6273665223357456
  },
  "timestamp": "2026-04-17_10-54-20",
  "mode": "ragas"
}