{
  "chunk_chat": {
    "macro_p": 0.8666666666666667,
    "macro_r": 0.9206833333333333,
    "macro_f1": 0.8843,
    "macro_acc": 0.8029833333333333,
    "macro_cont": 0.16666666666666666
  },
  "chunk_section": {
    "macro_p": 0.8833333333333333,
    "macro_r": 1.0,
    "macro_f1": 0.9320916666666667,
    "macro_acc": 0.8833333333333333,
    "macro_cont": 0.19443333333333335
  },
  "ragas_chat": {
    "faithfulness": 0.8080804394846139,
    "answer_relevancy": 0.9087600587341513,
    "context_recall": 0.8194444444444445,
    "context_precision": 0.4477575131269677
  },
  "timestamp": "2026-04-17_11-19-04",
  "mode": "ragas"
}