{
  "chunk_chat": {
    "macro_p": 0.9333333333333333,
    "macro_r": 0.8703444444444445,
    "macro_f1": 0.8891777777777778,
    "macro_acc": 0.8036777777777778,
    "macro_cont": 0.15555555555555556
  },
  "chunk_section": {
    "macro_p": 0.9333333333333332,
    "macro_r": 1.0,
    "macro_f1": 0.9629666666666666,
    "macro_acc": 0.9333333333333332,
    "macro_cont": 0.03333333333333333
  },
  "ragas_chat": {
    "faithfulness": 0.8333333333333334,
    "answer_relevancy": 0.7300745636233521,
    "context_recall": 0.5185185185185185,
    "context_precision": 0.46296296292314815
  },
  "timestamp": "2026-04-19_03-54-46",
  "mode": "ragas"
}