{
  "chunk_chat": {
    "macro_p": 0.9538461538461539,
    "macro_r": 0.8892384615384615,
    "macro_f1": 0.9185,
    "macro_acc": 0.8574230769230768,
    "macro_cont": 0.18076923076923077
  },
  "chunk_section": {
    "macro_p": 0.68125,
    "macro_r": 1.0,
    "macro_f1": 0.8017,
    "macro_acc": 0.68125,
    "macro_cont": 0.26875
  },
  "ragas_chat": {},
  "timestamp": "2026-04-17_10-39-17",
  "mode": "ragas"
}