{
  "chunk_chat": {
    "macro_p": 1.0,
    "macro_r": 0.8333,
    "macro_f1": 0.9091000000000001,
    "macro_acc": 0.8333,
    "macro_cont": 0.0
  },
  "chunk_compare": {
    "macro_p": 1.0,
    "macro_r": 0.8333,
    "macro_f1": 0.9091,
    "macro_cont": 0.4000000000000001
  },
  "ragas_chat": {
    "faithfulness": 0.9162471395881007,
    "answer_relevancy": 0.9132450756932279,
    "context_recall": 0.6666666666666666,
    "context_precision": 0.556666666628111
  },
  "ragas_compare": {
    "faithfulness": 0.7437780497756018,
    "answer_relevancy": 0.880142831520712,
    "context_recall": 0.38888888888888884,
    "context_precision": 0.2499999999875
  },
  "timestamp": "2026-04-22_07-11-33",
  "mode": "full"
}