{
  "chunk_chat": {
    "macro_p": 0.975,
    "macro_r": 0.88612,
    "macro_f1": 0.92796,
    "macro_acc": 0.86668,
    "macro_cont": 0.1
  },
  "chunk_compare": {
    "macro_p": 0.9583333333333334,
    "macro_r": 0.8842666666666666,
    "macro_f1": 0.9191333333333334,
    "macro_cont": 0.4375
  },
  "ragas_chat": {
    "faithfulness": 0.8365079365079365,
    "answer_relevancy": 0.9083159234864489,
    "context_recall": 0.6666666666666666,
    "context_precision": 0.47666666664461116
  },
  "ragas_compare": {
    "faithfulness": 0.9278996865203762,
    "answer_relevancy": 0.8827418296545707,
    "context_recall": 0.38888888888888884,
    "context_precision": 0.06666666666
  },
  "timestamp": "2026-04-22_08-42-09",
  "mode": "full"
}