{
  "chunk_chat": {
    "macro_p": 1.0,
    "macro_r": 0.8333,
    "macro_f1": 0.9091000000000001,
    "macro_acc": 0.8333,
    "macro_cont": 0.04
  },
  "chunk_compare": {
    "macro_p": 0.9666666666666667,
    "macro_r": 0.8277666666666667,
    "macro_f1": 0.8909333333333334,
    "macro_cont": 0.39999999999999997
  },
  "ragas_chat": {},
  "ragas_compare": {},
  "timestamp": "2026-04-22_05-59-34",
  "mode": "full"
}