{
  "chunk_chat": {
    "macro_p": 1.0,
    "macro_r": 0.8333,
    "macro_f1": 0.9091000000000001,
    "macro_acc": 0.8333,
    "macro_cont": 0.0
  },
  "chunk_compare": {
    "macro_p": 1.0,
    "macro_r": 0.8333,
    "macro_f1": 0.9091,
    "macro_cont": 0.3
  },
  "ragas_chat": {
    "faithfulness": 0.9317460317460318,
    "answer_relevancy": 0.9142440294637673,
    "context_recall": 0.8,
    "context_precision": 0.8399999999429999
  },
  "ragas_compare": {
    "faithfulness": 0.9305555555555555,
    "answer_relevancy": 0.8539223500899994,
    "context_recall": 0.7222222222222222,
    "context_precision": 0.0
  },
  "timestamp": "2026-04-23_06-32-49",
  "mode": "full"
}