{
  "chunk_chat": {
    "macro_p": 0.9821428571428571,
    "macro_r": 0.8615142857142857,
    "macro_f1": 0.9168000000000001,
    "macro_acc": 0.8476285714285715,
    "macro_cont": 0.05357142857142857
  },
  "chunk_section": {
    "macro_p": 0.8125,
    "macro_r": 1.0,
    "macro_f1": 0.8821666666666667,
    "macro_acc": 0.8125,
    "macro_cont": 0.14583333333333334
  },
  "ragas_chat": {},
  "timestamp": "2026-04-19_04-57-24",
  "mode": "ragas"
}