{
  "chunk_chat": {
    "macro_p": 0.9333333333333332,
    "macro_r": 0.8791833333333333,
    "macro_f1": 0.9018833333333333,
    "macro_acc": 0.8316500000000001,
    "macro_cont": 0.10416666666666667
  },
  "chunk_section": {
    "macro_p": 0.703125,
    "macro_r": 1.0,
    "macro_f1": 0.769275,
    "macro_acc": 0.703125,
    "macro_cont": 0.259375
  },
  "ragas_section": {
    "faithfulness": 0.9583333333333333,
    "answer_relevancy": 0.7300463947756707,
    "context_recall": 0.75,
    "context_precision": 0.2187499999875
  },
  "timestamp": "2026-04-16_08-49-00",
  "mode": "ragas_section"
}