{
  "chunk_chat": {
    "macro_p": 1.0,
    "macro_r": 0.8333,
    "macro_f1": 0.9091000000000001,
    "macro_acc": 0.8333,
    "macro_cont": 0.0
  },
  "chunk_compare": {
    "macro_p": 1.0,
    "macro_r": 0.8333,
    "macro_f1": 0.9091,
    "macro_cont": 0.3
  },
  "ragas_chat": {
    "faithfulness": 0.9404545454545454,
    "answer_relevancy": 0.9140595781621166,
    "context_recall": 1.0,
    "context_precision": 0.8399999999429999
  },
  "ragas_compare": {
    "faithfulness": 0.7479889391654098,
    "answer_relevancy": 0.8720135948797129,
    "context_recall": 0.7222222222222222,
    "context_precision": 0.16666666665
  },
  "timestamp": "2026-04-22_11-56-45",
  "mode": "full"
}