{
  "chunk_chat": {
    "macro_p": 0.9538461538461539,
    "macro_r": 0.8892384615384615,
    "macro_f1": 0.9185,
    "macro_acc": 0.8574230769230768,
    "macro_cont": 0.18076923076923077
  },
  "chunk_section": {
    "macro_p": 0.41041666666666665,
    "macro_r": 1.0,
    "macro_f1": 0.4642,
    "macro_acc": 0.41041666666666665,
    "macro_cont": 0.6062500000000001
  },
  "ragas_chat": {},
  "timestamp": "2026-04-17_10-31-28",
  "mode": "ragas"
}