{
  "chunk_chat": {
    "macro_p": 1.0,
    "macro_r": 0.79998,
    "macro_f1": 0.8882999999999999,
    "macro_acc": 0.79998,
    "macro_cont": 1.0
  },
  "chunk_section": {
    "macro_p": 0.9333333333333332,
    "macro_r": 1.0,
    "macro_f1": 0.9629666666666666,
    "macro_acc": 0.9333333333333332,
    "macro_cont": 1.0
  },
  "ragas_chat": {
    "faithfulness": 0.9333333333333332,
    "answer_relevancy": 0.9580493531268894,
    "context_recall": 0.6666666666666666,
    "context_precision": 0.6166666666108334
  },
  "ragas_section": {
    "faithfulness": 0.8958333333333334,
    "answer_relevancy": 0.5607780746221883,
    "context_recall": 0.6666666666666666,
    "context_precision": 0.32499999998208334
  },
  "timestamp": "2026-04-21_05-40-13",
  "mode": "full"
}