{
  "chunk_chat": {
    "macro_p": 1.0,
    "macro_r": 0.8333,
    "macro_f1": 0.9091000000000001,
    "macro_acc": 0.8333,
    "macro_cont": 0.04
  },
  "chunk_compare": {
    "macro_p": 0.9666666666666667,
    "macro_r": 0.8277666666666667,
    "macro_f1": 0.8909333333333334,
    "macro_cont": 0.39999999999999997
  },
  "ragas_chat": {
    "faithfulness": 0.8345238095238094,
    "answer_relevancy": 0.908009524292481,
    "context_recall": 0.6666666666666666,
    "context_precision": 0.5466666666291111
  },
  "ragas_compare": {
    "faithfulness": 0.7848324514991182,
    "answer_relevancy": 0.8864380103792145,
    "context_recall": 0.5,
    "context_precision": 0.0
  },
  "timestamp": "2026-04-22_06-04-58",
  "mode": "full"
}