{
  "chunk_chat": {
    "macro_p": 0.9692307692307692,
    "macro_r": 0.9014769230769232,
    "macro_f1": 0.9328538461538461,
    "macro_acc": 0.8764615384615385,
    "macro_cont": 0.15384615384615385
  },
  "chunk_section": {
    "macro_p": 0.825,
    "macro_r": 1.0,
    "macro_f1": 0.8479625,
    "macro_acc": 0.825,
    "macro_cont": 0.275
  },
  "ragas_chat": {},
  "timestamp": "2026-04-17_08-58-58",
  "mode": "ragas"
}