{
  "chunk_chat": {
    "macro_p": 1.0,
    "macro_r": 0.8333,
    "macro_f1": 0.9091000000000001,
    "macro_acc": 0.8333,
    "macro_cont": 0.0
  },
  "chunk_compare": {
    "macro_p": 1.0,
    "macro_r": 0.8333,
    "macro_f1": 0.9091,
    "macro_cont": 0.3
  },
  "ragas_chat": {
    "faithfulness": 0.8814285714285713,
    "answer_relevancy": 0.915058531932656,
    "context_recall": 0.8,
    "context_precision": 0.8399999999429999
  },
  "ragas_compare": {
    "faithfulness": 0.912280701754386,
    "answer_relevancy": 0.8772226924235863,
    "context_recall": 0.7222222222222222,
    "context_precision": 0.0
  },
  "timestamp": "2026-04-22_11-43-10",
  "mode": "full"
}