{
  "chunk_chat": {
    "macro_p": 1.0,
    "macro_r": 0.8333,
    "macro_f1": 0.9091000000000001,
    "macro_acc": 0.8333,
    "macro_cont": 0.04
  },
  "chunk_section": {
    "macro_p": 0.9666666666666667,
    "macro_r": 1.0,
    "macro_f1": 0.9814833333333333,
    "macro_acc": 0.9666666666666667,
    "macro_cont": 0.03333333333333333
  },
  "ragas_chat": {
    "faithfulness": 0.895755517826825,
    "answer_relevancy": 0.9142440294637673,
    "context_recall": 0.6666666666666666,
    "context_precision": 0.5466666666291111
  },
  "timestamp": "2026-04-20_04-40-08",
  "mode": "ragas"
}