{
  "chunk_chat": {
    "macro_p": 0.9047714285714286,
    "macro_r": 0.8941571428571429,
    "macro_f1": 0.8978428571428572,
    "macro_acc": 0.8187,
    "macro_cont": 0.17857142857142858
  },
  "chunk_section": {
    "macro_p": 0.7361,
    "macro_r": 1.0,
    "macro_f1": 0.8284833333333333,
    "macro_acc": 0.7361,
    "macro_cont": 0.25001666666666666
  },
  "ragas_chat": {},
  "timestamp": "2026-04-19_03-04-32",
  "mode": "ragas"
}