{
  "chunk_chat": {
    "macro_p": 0.9487153846153846,
    "macro_r": 0.9155153846153846,
    "macro_f1": 0.9292153846153847,
    "macro_acc": 0.8705307692307692,
    "macro_cont": 0.16665384615384615
  },
  "chunk_section": {
    "macro_p": 0.909725,
    "macro_r": 1.0,
    "macro_f1": 0.9484166666666667,
    "macro_acc": 0.909725,
    "macro_cont": 0.17361666666666667
  },
  "ragas_chat": {},
  "timestamp": "2026-04-17_10-47-00",
  "mode": "ragas"
}