{
  "chunk_chat": {
    "macro_p": 1.0,
    "macro_r": 0.8333,
    "macro_f1": 0.9091000000000001,
    "macro_acc": 0.8333,
    "macro_cont": 0.0
  },
  "chunk_section": {
    "macro_p": 0.9333333333333332,
    "macro_r": 1.0,
    "macro_f1": 0.9629666666666666,
    "macro_acc": 0.9333333333333332,
    "macro_cont": 0.03333333333333333
  },
  "ragas_chat": {
    "faithfulness": 0.8125356125356126,
    "answer_relevancy": 0.914712131633862,
    "context_recall": 0.6666666666666666,
    "context_precision": 0.5466666666291111
  },
  "ragas_section": {
    "faithfulness": 0.6901911269558328,
    "answer_relevancy": 0.8218967654786667,
    "context_recall": 0.9166666666666666,
    "context_precision": 0.70833333326875
  },
  "timestamp": "2026-04-20_05-17-35",
  "mode": "full"
}