{
  "chunk_chat": {
    "macro_p": 0.96,
    "macro_r": 0.82664,
    "macro_f1": 0.88728,
    "macro_acc": 0.79998,
    "macro_cont": 0.08
  },
  "chunk_section": {
    "macro_p": 1.0,
    "macro_r": 1.0,
    "macro_f1": 1.0,
    "macro_acc": 1.0,
    "macro_cont": 0.03333333333333333
  },
  "ragas_chat": {
    "faithfulness": 0.8445887445887447,
    "answer_relevancy": 0.9086185762221325,
    "context_recall": 0.6666666666666666,
    "context_precision": 0.5466666666291111
  },
  "ragas_section": {
    "faithfulness": 0.7341269841269841,
    "answer_relevancy": 0.780384002854278,
    "context_recall": 0.6666666666666666,
    "context_precision": 0.70833333326875
  },
  "timestamp": "2026-04-20_09-13-52",
  "mode": "full"
}