{
  "chunk_chat": {
    "macro_p": 0.8,
    "macro_r": 0.48334,
    "macro_f1": 0.5981,
    "macro_acc": 0.48334,
    "macro_cont": 0.8
  },
  "chunk_section": {
    "macro_p": 0.9166666666666666,
    "macro_r": 1.0,
    "macro_f1": 0.9444499999999999,
    "macro_acc": 0.9166666666666666,
    "macro_cont": 1.0
  },
  "ragas_chat": {},
  "ragas_section": {},
  "timestamp": "2026-04-21_05-25-08",
  "mode": "full"
}