{
  "chunk_chat": {
    "macro_p": 0.9285714285714286,
    "macro_r": 0.8798,
    "macro_f1": 0.9018714285714287,
    "macro_acc": 0.8236,
    "macro_cont": 0.15714285714285717
  },
  "chunk_section": {
    "macro_p": 0.7666666666666666,
    "macro_r": 1.0,
    "macro_f1": 0.8507166666666667,
    "macro_acc": 0.7666666666666666,
    "macro_cont": 0.21666666666666667
  },
  "ragas_chat": {},
  "timestamp": "2026-04-19_03-08-04",
  "mode": "ragas"
}