{
  "chunk_chat": {
    "macro_p": 1.0,
    "macro_r": 0.79998,
    "macro_f1": 0.8882999999999999,
    "macro_acc": 0.79998,
    "macro_cont": 1.0
  },
  "chunk_compare": {
    "macro_p": 0.9666666666666667,
    "macro_r": 0.8277666666666667,
    "macro_f1": 0.8909333333333334,
    "macro_cont": 0.3666666666666667
  },
  "ragas_chat": {},
  "ragas_compare": {},
  "timestamp": "2026-04-22_06-10-51",
  "mode": "full"
}