{
  "chunk_chat": {
    "macro_p": 0.9294117647058824,
    "macro_r": 0.8956647058823529,
    "macro_f1": 0.9063117647058823,
    "macro_acc": 0.8413588235294118,
    "macro_cont": 0.2823529411764706
  },
  "chunk_section": {
    "macro_p": 0.825,
    "macro_r": 1.0,
    "macro_f1": 0.8479625,
    "macro_acc": 0.825,
    "macro_cont": 0.275
  },
  "ragas_chat": {},
  "timestamp": "2026-04-17_08-55-57",
  "mode": "ragas"
}