{
  "chunk_chat": {
    "macro_p": 0.975,
    "macro_r": 0.88612,
    "macro_f1": 0.92796,
    "macro_acc": 0.86668,
    "macro_cont": 0.125
  },
  "chunk_section": {
    "macro_p": 0.875,
    "macro_r": 1.0,
    "macro_f1": 0.92855,
    "macro_acc": 0.875,
    "macro_cont": 0.16666666666666666
  },
  "ragas_chat": {
    "faithfulness": 0.885064935064935,
    "answer_relevancy": 0.914550428657735,
    "context_recall": 0.6666666666666666,
    "context_precision": 0.5516666666308611
  },
  "ragas_section": {
    "faithfulness": 0.7638888888888888,
    "answer_relevancy": 0.760325831155964,
    "context_recall": 1.0,
    "context_precision": 0.56249999995
  },
  "timestamp": "2026-04-20_08-55-19",
  "mode": "full"
}