{
  "chunk_chat": {
    "macro_p": 0.8916666666666666,
    "macro_r": 0.8915833333333333,
    "macro_f1": 0.8859499999999999,
    "macro_acc": 0.8055666666666667,
    "macro_cont": 0.24166666666666667
  },
  "chunk_section": {
    "macro_p": 0.825,
    "macro_r": 1.0,
    "macro_f1": 0.8479625,
    "macro_acc": 0.825,
    "macro_cont": 0.275
  },
  "ragas_chat": {},
  "timestamp": "2026-04-17_08-37-32",
  "mode": "ragas"
}